,good,bad,great,terrible,excellent,awful,love,hate
good,1.0000000000000004,0.3276886625667793,0.2987120932026536,0.1281108431193328,0.16387979905291442,0.1247244975420256,0.20309059314173614,0.11187508401829195
bad,0.3276886625667793,0.9999999999999994,0.1491377591316474,0.1914769018066508,0.06012675868963087,0.20319022748137158,0.12219393004251551,0.09657671251749728
great,0.2987120932026536,0.1491377591316474,1.000000000000001,0.07611680148872295,0.1829210244659213,0.06428690586198299,0.20427574097782888,0.0849069007963886
terrible,0.1281108431193328,0.1914769018066508,0.07611680148872295,0.9999999999999994,0.039570569602775954,0.1352828225884876,0.0686335167057105,0.05536737336743109
excellent,0.16387979905291442,0.06012675868963087,0.1829210244659213,0.039570569602775954,0.9999999999999992,0.02749343118584982,0.10009540800138783,0.035911389363430656
awful,0.1247244975420256,0.20319022748137158,0.06428690586198299,0.1352828225884876,0.02749343118584982,1.0000000000000007,0.05645844313909749,0.055847986579128456
love,0.20309059314173614,0.12219393004251551,0.20427574097782888,0.0686335167057105,0.10009540800138783,0.05645844313909749,0.9999999999999999,0.11131206342855084
hate,0.11187508401829195,0.09657671251749728,0.0849069007963886,0.05536737336743109,0.035911389363430656,0.055847986579128456,0.11131206342855084,0.9999999999999994
